keeper_id,keeper_name,last_team,total_penalties_faced,first_year,last_year,reliability,raw_save_rate,save_rate,concession_rate,save_rate_TL,shots_faced_TL,save_rate_TC,shots_faced_TC,save_rate_TR,shots_faced_TR,save_rate_BL,shots_faced_BL,save_rate_BC,shots_faced_BC,save_rate_BR,shots_faced_BR,shootouts_faced,in_game_faced,shootout_save_rate,in_game_save_rate,inferred_dive_left_pct,inferred_dive_right_pct,inferred_stay_center_pct
20176,Víctor Valdés Arribas,Barcelona,29,2005,2013,high,0.2413793103448276,0.22619477549055014,0.7298663777537018,0.11827956989247311,3,0.0,0,0.045004500450045004,1,0.2982412682685162,12,0.16666666666666666,2,0.22145110410094637,10,0,29,0.3097014925373134,0.23964868255959848,0.7142857142857143,0.2857142857142857,0.0
5550,Yann Sommer,Switzerland,24,2015,2024,high,0.08333333333333333,0.1123998895332781,0.7783761391880697,0.10983102918586789,4,0.0,1,0.041254125412541254,2,0.1422948834392976,8,0.2,0,0.21431388012618297,6,15,9,0.20388059701492536,0.12348940104338635,0.5,0.5,0.0
7036,Gianluigi Donnarumma,Italy,20,2015,2024,high,0.25,0.22738654147104853,0.5821596244131456,0.05376344086021505,0,0.0,1,0.041254125412541254,2,0.19702368476210438,3,0.2,0,0.3910011622115225,9,9,11,0.3208955223880597,0.2069666009440162,0.0,1.0,0.0
3099,Hugo Lloris,France,20,2015,2022,high,0.05,0.09405320813771519,0.8488262910798122,0.044802867383512544,2,0.0,0,0.045004500450045004,1,0.17806539509536784,10,0.18181818181818182,1,0.1619348054679285,5,9,11,0.1630007855459544,0.1593475533249686,1.0,0.0,0.0
66721,Ronwen Williams,South Africa,19,2023,2023,high,0.3157894736842105,0.26971021531487777,0.6367168528411851,0.044802867383512544,2,0.0,1,0.045004500450045004,1,0.4725817438692098,6,0.14285714285714285,4,0.26377092938607133,3,17,2,0.3369264787175235,0.19552488498536172,0.8333333333333334,0.16666666666666666,0.0
3468,Jordan Pickford,England,18,2015,2024,high,0.2222222222222222,0.20791415157612342,0.7308853118712274,0.044802867383512544,2,0.0,1,0.04950495049504951,0,0.2543791358505255,4,0.23076923076923078,3,0.26053071070699574,7,14,4,0.2957089552238806,0.16759275855888148,0.25,0.5,0.25
6909,Damián Emiliano Martínez,Argentina,16,2022,2024,high,0.3125,0.2623690863127483,0.6332611050920911,0.05376344086021505,0,0.0,1,0.045004500450045004,1,0.30896155010596427,8,0.18181818181818182,1,0.34069400630914826,3,13,3,0.3520441271901363,0.18048450921725698,0.6,0.4,0.0
3815,Kasper Schmeichel,Denmark,15,2015,2024,high,0.26666666666666666,0.23286384976525823,0.6985915492957747,0.05376344086021505,0,0.0,1,0.04950495049504951,0,0.2374205267938238,5,0.25,2,0.27681388012618297,6,5,10,0.3398009950248756,0.21731493099121701,0.25,0.5,0.25
3444,Danijel Subašić,Croatia,14,2015,2018,high,0.42857142857142855,0.32589984350547735,0.6026995305164319,0.05376344086021505,0,0.0,0,0.045004500450045004,1,0.37806539509536785,10,0.2,0,0.28575184016824395,2,10,4,0.3548507462686567,0.3104499014160243,0.8333333333333334,0.16666666666666666,0.0
5597,Keylor Navas Gamboa,Costa Rica,14,2013,2022,high,0.21428571428571427,0.20089984350547732,0.6860328638497654,0.04887585532746823,1,0.0,2,0.045004500450045004,1,0.2374205267938238,5,0.2,0,0.34069400630914826,3,4,10,0.2212153518123667,0.267314930991217,0.3333333333333333,0.6666666666666666,0.0
11748,Unai Simón Mendibil,Spain,14,2020,2024,high,0.35714285714285715,0.28423317683881066,0.6443661971830986,0.04887585532746823,1,0.0,0,0.045004500450045004,1,0.4725817438692098,6,0.16666666666666666,2,0.18684785246299443,3,13,1,0.30856586632057104,0.30420896543857645,1.0,0.0,0.0
6625,Vicente Guaita Panadero,Getafe,12,2012,2015,high,0.16666666666666666,0.17370892018779344,0.7938540332906531,0.044802867383512544,2,0.0,1,0.04950495049504951,0,0.18295056442195406,4,0.2727272727272727,1,0.24493014871563767,4,0,12,0.3097014925373134,0.19755902817383364,0.0,0.5,0.5
20055,Marc-André ter Stegen,Barcelona,12,2017,2020,high,0.08333333333333333,0.12825437473324797,0.8393085787451985,0.04887585532746823,1,0.0,0,0.045004500450045004,1,0.18295056442195406,4,0.18181818181818182,1,0.22860147213459517,5,0,12,0.3097014925373134,0.15210448271928823,0.0,1.0,0.0
36710,Sergio Rochet Álvarez,Uruguay,11,2022,2024,high,0.2727272727272727,0.22959982114911695,0.6411804158283031,0.04887585532746823,1,0.0,0,0.04950495049504951,0,0.2543791358505255,4,0.2,0,0.3163587201442091,4,9,2,0.26826394344069127,0.27885821831869506,0.3333333333333333,0.6666666666666666,0.0
5172,Igor Akinfeev,Russia,11,2018,2018,high,0.2727272727272727,0.22959982114911695,0.7364185110663983,0.044802867383512544,2,0.0,0,0.03808073115003808,3,0.2543791358505255,4,0.2727272727272727,1,0.31172928018353885,1,10,1,0.3048507462686567,0.2132998745294855,0.3333333333333333,0.3333333333333333,0.3333333333333333
7193,Paul Bernardoni,Troyes,11,2015,2015,high,0.18181818181818182,0.1819807735300693,0.7364185110663983,0.04887585532746823,1,0.0,0,0.041254125412541254,2,0.21344232515894643,2,0.2727272727272727,1,0.24493014871563767,4,0,11,0.3097014925373134,0.2069666009440162,0.0,0.5,0.5
6378,Jan Oblak,Slovenia,11,2015,2024,high,0.09090909090909091,0.1343617259110217,0.8316566063044937,0.05376344086021505,0,0.0,0,0.045004500450045004,1,0.18295056442195406,4,0.2,0,0.21431388012618297,6,8,3,0.17205638474295187,0.2574075861403339,0.0,1.0,0.0
35413,Lionel Mpasi-Nzau,Congo DR,11,2023,2023,high,0.0,0.08674267829197407,0.7840375586854461,0.04135649296939619,3,0.0,0,0.03536067892503536,4,0.2328461729006688,1,0.2,0,0.22082018927444794,1,9,2,0.1630007855459544,0.19552488498536172,,,
16531,Dominik Livaković,Croatia,10,2020,2022,high,0.4,0.2910798122065728,0.6232394366197183,0.05376344086021505,0,0.0,0,0.045004500450045004,1,0.30408719346049046,5,0.2,0,0.34069400630914826,3,8,2,0.39427860696517414,0.19552488498536172,0.5,0.5,0.0
5669,Wojciech Szczęsny,Poland,10,2015,2024,high,0.2,0.19107981220657277,0.6732394366197183,0.05376344086021505,0,0.0,0,0.115003808073115,3,0.29677565849227977,2,0.2,0,0.18684785246299443,3,0,10,0.3097014925373134,0.21731493099121701,0.5,0.5,0.0
7018,Emiliano Viviano,Sampdoria,9,2015,2015,medium,0.4444444444444444,0.3063998023227082,0.6560415122312824,0.05376344086021505,0,0.0,1,0.04950495049504951,0,0.3475817438692098,6,0.2,0,0.28575184016824395,2,0,9,0.3097014925373134,0.33401571683286,0.75,0.25,0.0
5547,Alisson Ramsés Becker,Brazil,9,2022,2024,medium,0.1111111111111111,0.1485050654806029,0.8139362490733877,0.04887585532746823,1,0.0,1,0.045004500450045004,1,0.19702368476210438,3,0.18181818181818182,1,0.28575184016824395,2,9,0,0.21563236449332285,0.23462986198243407,0.0,1.0,0.0
66879,Mohamed Abougabal,Egypt,9,2023,2023,medium,0.0,0.0958734865332345,0.8139362490733877,0.05376344086021505,0,0.0,0,0.041254125412541254,2,0.2328461729006688,1,0.18181818181818182,1,0.17350157728706625,4,9,0,0.1630007855459544,0.23462986198243407,,,
32975,Diogo Meireles Costa,Portugal,9,2024,2024,medium,0.3333333333333333,0.2537682233753398,0.7086730911786508,0.044802867383512544,2,0.0,0,0.13591359135913592,1,0.3508698386082582,3,0.18181818181818182,1,0.2024185068349106,2,8,1,0.33872305140961856,0.2132998745294855,0.6666666666666666,0.3333333333333333,0.0
22823,Dimitry Bertaud,Congo DR,8,2021,2023,medium,0.0,0.10119979134063642,0.8035993740219092,0.05376344086021505,0,0.0,0,0.04950495049504951,0,0.18295056442195406,4,0.2,0,0.18684785246299443,3,7,1,0.1821773485513608,0.2132998745294855,,,
3333,David de Gea Quintana,Spain,8,2015,2018,medium,0.0,0.10119979134063642,0.8591549295774648,0.04887585532746823,1,0.0,0,0.041254125412541254,2,0.21344232515894643,2,0.18181818181818182,1,0.2024185068349106,2,4,4,0.2212153518123667,0.16759275855888148,,,
6576,Gorka Iraizoz Moreno,Athletic Club,8,2007,2015,medium,0.125,0.15675534689619197,0.8035993740219092,0.04887585532746823,1,0.0,1,0.04950495049504951,0,0.2543791358505255,4,0.18181818181818182,1,0.22082018927444794,1,0,8,0.3097014925373134,0.18590547887913003,1.0,0.0,0.0
6610,Iván Cuéllar Sacristán,Leganés,8,2015,2019,medium,0.125,0.15675534689619197,0.7480438184663537,0.05376344086021505,0,0.0,1,0.045004500450045004,1,0.2739467616851813,3,0.2,0,0.2024185068349106,2,0,8,0.3097014925373134,0.18590547887913003,1.0,0.0,0.0
3522,Heurelho da Silva Gomes,Watford,8,2015,2015,medium,0.375,0.26786645800730313,0.6369327073552425,0.04887585532746823,1,0.0,1,0.04950495049504951,0,0.3237552638097597,1,0.18181818181818182,1,0.34069400630914826,3,0,8,0.3097014925373134,0.2970165899902411,0.3333333333333333,0.6666666666666666,0.0
3742,Orestis Karnezis,Udinese,8,2015,2015,medium,0.125,0.15675534689619197,0.8035993740219092,0.04135649296939619,3,0.0,0,0.04950495049504951,0,0.21344232515894643,2,0.2727272727272727,1,0.2024185068349106,2,0,8,0.3097014925373134,0.18590547887913003,0.0,0.0,1.0
4691,Claudio Andrés Bravo Muñoz,Real Betis,8,2014,2020,medium,0.25,0.21231090245174752,0.7480438184663537,0.05376344086021505,0,0.0,2,0.041254125412541254,2,0.3508698386082582,3,0.2,0,0.22082018927444794,1,0,8,0.3097014925373134,0.24146103443468558,1.0,0.0,0.0
5570,Manuel Neuer,Bayern Munich,8,2011,2015,medium,0.125,0.15675534689619197,0.7480438184663537,0.05376344086021505,0,0.0,1,0.045004500450045004,1,0.21344232515894643,2,0.2727272727272727,1,0.2024185068349106,2,5,3,0.27313432835820894,0.18048450921725698,0.0,0.0,1.0
3761,Mike Maignan,France,8,2015,2024,medium,0.25,0.21231090245174752,0.6369327073552425,0.05376344086021505,0,0.0,0,0.041254125412541254,2,0.3258077072790969,4,0.2,0,0.24290220820189273,0,4,4,0.2212153518123667,0.3104499014160243,1.0,0.0,0.0
7174,Antonio Mirante,Bologna,8,2015,2015,medium,0.125,0.15675534689619197,0.8035993740219092,0.05376344086021505,0,0.0,0,0.04950495049504951,0,0.20948870011219747,7,0.2,0,0.22082018927444794,1,0,8,0.3097014925373134,0.18590547887913003,1.0,0.0,0.0
3623,Adrián San Miguel del Castillo,West Ham United,7,2015,2015,medium,0.2857142857142857,0.2247997790665562,0.7332228666114333,0.04887585532746823,1,0.0,1,0.04950495049504951,0,0.29677565849227977,2,0.2727272727272727,1,0.2024185068349106,2,0,7,0.3097014925373134,0.2556646246955494,0.5,0.0,0.5
3543,Steve Mandanda,Marseille,7,2015,2015,medium,0.14285714285714285,0.1659762496547915,0.792046396023198,0.05376344086021505,0,0.0,1,0.04950495049504951,0,0.2543791358505255,4,0.18181818181818182,1,0.22082018927444794,1,0,7,0.3097014925373134,0.19684109528378474,1.0,0.0,0.0
34881,Daniele Padelli,Torino,7,2015,2015,medium,0.0,0.1071527202430268,0.8508699254349628,0.04887585532746823,1,0.0,0,0.045004500450045004,1,0.19702368476210438,3,0.18181818181818182,1,0.22082018927444794,1,0,7,0.3097014925373134,0.13801756587202005,,,
32012,Rafael Enrique Romo Pérez,Venezuela,7,2024,2024,medium,0.2857142857142857,0.2247997790665562,0.6743993371996686,0.05376344086021505,0,0.0,0,0.045004500450045004,1,0.29677565849227977,2,0.2,0,0.26377092938607133,3,6,1,0.2560634328358209,0.30420896543857645,0.5,0.5,0.0
36629,Yahia Fofana,Côte d'Ivoire,7,2023,2023,medium,0.14285714285714285,0.1659762496547915,0.7332228666114333,0.04887585532746823,1,0.0,2,0.045004500450045004,1,0.2328461729006688,1,0.2,0,0.31172928018353885,1,5,2,0.20646766169154226,0.27885821831869506,0.0,1.0,0.0
3630,Loris Karius,FSV Mainz 05,7,2015,2015,medium,0.2857142857142857,0.2247997790665562,0.6155758077879039,0.05376344086021505,0,0.0,0,0.13591359135913592,1,0.2739467616851813,3,0.2,0,0.22082018927444794,1,0,7,0.3097014925373134,0.2556646246955494,0.5,0.5,0.0
3461,Petr Čech,Arsenal,7,2011,2015,medium,0.42857142857142855,0.28362330847832096,0.6743993371996686,0.05376344086021505,0,0.0,0,0.045004500450045004,1,0.2328461729006688,1,0.2,0,0.3619348054679285,5,5,2,0.3398009950248756,0.27885821831869506,0.0,1.0,0.0
6792,Pau López Sabata,Marseille,7,2015,2021,medium,0.0,0.1071527202430268,0.8508699254349628,0.05376344086021505,0,0.0,0,0.041254125412541254,2,0.19702368476210438,3,0.18181818181818182,1,0.22082018927444794,1,0,7,0.3097014925373134,0.13801756587202005,,,
8697,Andrés Eduardo Fernández Moreno,Villarreal,7,2012,2016,medium,0.0,0.1071527202430268,0.792046396023198,0.05376344086021505,0,0.0,1,0.04950495049504951,0,0.19702368476210438,3,0.2,0,0.2024185068349106,2,0,7,0.3097014925373134,0.13801756587202005,,,
8947,Ron-Robert Zieler,Hannover 96,7,2015,2015,medium,0.0,0.1071527202430268,0.8508699254349628,0.04887585532746823,1,0.0,0,0.045004500450045004,1,0.19702368476210438,3,0.2,0,0.2024185068349106,2,0,7,0.3097014925373134,0.13801756587202005,,,
7055,Stefano Sorrentino,Palermo,7,2007,2015,medium,0.0,0.1071527202430268,0.8508699254349628,0.05376344086021505,0,0.0,0,0.041254125412541254,2,0.17075386012715713,5,0.2,0,0.24290220820189273,0,0,7,0.3097014925373134,0.13801756587202005,,,
3322,Jonas Lössl,Guingamp,7,2015,2015,medium,0.2857142857142857,0.2247997790665562,0.7332228666114333,0.05376344086021505,0,0.0,0,0.045004500450045004,1,0.2850817438692098,6,0.2,0,0.24290220820189273,0,0,7,0.3097014925373134,0.2556646246955494,1.0,0.0,0.0
7157,Marco Sportiello,Atalanta,7,2015,2015,medium,0.42857142857142855,0.28362330847832096,0.6743993371996686,0.05376344086021505,0,0.0,0,0.045004500450045004,1,0.29677565849227977,2,0.2,0,0.3163587201442091,4,0,7,0.3097014925373134,0.3144881541073141,0.3333333333333333,0.6666666666666666,0.0
8314,Marwin Hitz,Augsburg,7,2015,2015,medium,0.14285714285714285,0.1659762496547915,0.7332228666114333,0.04887585532746823,1,0.0,1,0.04950495049504951,0,0.3237552638097597,1,0.18181818181818182,1,0.2024185068349106,2,0,7,0.3097014925373134,0.19684109528378474,1.0,0.0,0.0
4276,David Ospina Ramírez,Colombia,7,2018,2018,medium,0.14285714285714285,0.1659762496547915,0.792046396023198,0.04887585532746823,1,0.0,1,0.04950495049504951,0,0.19702368476210438,3,0.2,0,0.28575184016824395,2,5,2,0.27313432835820894,0.19552488498536172,0.0,1.0,0.0
8667,Lukáš Hrádecký,Finland,6,2015,2020,medium,0.3333333333333333,0.23884976525821597,0.6540492957746479,0.05376344086021505,0,0.0,0,0.04950495049504951,0,0.19702368476210438,3,0.2,0,0.36908517350157727,2,0,6,0.3097014925373134,0.27164366373902127,0.0,1.0,0.0
7001,Samir Handanovič,Inter Milan,6,2015,2015,medium,0.16666666666666666,0.17634976525821597,0.7790492957746479,0.04887585532746823,1,0.0,0,0.041254125412541254,2,0.29677565849227977,2,0.2,0,0.22082018927444794,1,0,6,0.3097014925373134,0.2091436637390213,1.0,0.0,0.0
15581,Bernd Leno,Bayer Leverkusen,6,2015,2015,medium,0.16666666666666666,0.17634976525821597,0.7790492957746479,0.11827956989247311,3,0.0,0,0.04950495049504951,0,0.2328461729006688,1,0.18181818181818182,1,0.22082018927444794,1,0,6,0.3097014925373134,0.2091436637390213,1.0,0.0,0.0
23269,Felix Wiedwald,Werder Bremen,6,2015,2015,medium,0.0,0.11384976525821597,0.8415492957746479,0.04887585532746823,1,0.0,0,0.045004500450045004,1,0.2328461729006688,1,0.18181818181818182,1,0.2024185068349106,2,0,6,0.3097014925373134,0.1466436637390213,,,
12491,Federico Marchetti,Lazio,6,2015,2015,medium,0.3333333333333333,0.23884976525821597,0.6540492957746479,0.05376344086021505,0,0.0,0,0.045004500450045004,1,0.2328461729006688,1,0.18181818181818182,1,0.36908517350157727,2,0,6,0.3097014925373134,0.27164366373902127,0.0,1.0,0.0
23758,Maxime Crépeau,Canada,6,2024,2024,medium,0.3333333333333333,0.23884976525821597,0.6540492957746479,0.05376344086021505,0,0.0,0,0.04950495049504951,0,0.3237552638097597,1,0.18181818181818182,1,0.26377092938607133,3,6,0,0.3185634328358209,0.23462986198243407,0.5,0.5,0.0
7379,Edouard Mendy,Senegal,6,2023,2023,medium,0.0,0.11384976525821597,0.8415492957746479,0.044802867383512544,2,0.0,0,0.045004500450045004,1,0.2328461729006688,1,0.2,0,0.2024185068349106,2,5,1,0.20646766169154226,0.2132998745294855,,,
8326,Andries Noppert,Netherlands,6,2022,2022,medium,0.0,0.11384976525821597,0.7790492957746479,0.044802867383512544,2,0.0,0,0.041254125412541254,2,0.2561307901907357,0,0.18181818181818182,1,0.24290220820189273,0,5,1,0.20646766169154226,0.2132998745294855,,,
23635,John Ruddy,Norwich City,6,2015,2015,medium,0.0,0.11384976525821597,0.7790492957746479,0.05376344086021505,0,0.0,0,0.04950495049504951,0,0.19702368476210438,3,0.18181818181818182,1,0.22082018927444794,1,0,6,0.3097014925373134,0.1466436637390213,,,
358410,Stanley Bobo Nwabali,Nigeria,5,2023,2023,medium,0.4,0.25477308294209705,0.6976525821596244,0.05376344086021505,0,0.0,0,0.04950495049504951,0,0.3258077072790969,4,0.2,0,0.22082018927444794,1,4,1,0.3640724946695096,0.2132998745294855,1.0,0.0,0.0
8274,Pierluigi Gollini,Hellas Verona,5,2015,2015,medium,0.0,0.1214397496087637,0.8309859154929577,0.05376344086021505,0,0.0,0,0.04950495049504951,0,0.18295056442195406,4,0.2,0,0.22082018927444794,1,0,5,0.3097014925373134,0.1564199079882894,,,
10763,Asier Riesgo Unamuno,Eibar,5,2008,2015,medium,0.4,0.25477308294209705,0.6976525821596244,0.05376344086021505,0,0.0,0,0.04950495049504951,0,0.3801089918256131,2,0.18181818181818182,1,0.2024185068349106,2,0,5,0.3097014925373134,0.28975324132162267,1.0,0.0,0.0
26146,Dudú Aouate,Mallorca,5,2005,2011,medium,0.2,0.18810641627543037,0.7643192488262911,0.04887585532746823,1,0.0,0,0.045004500450045004,1,0.3237552638097597,1,0.2,0,0.2024185068349106,2,0,5,0.3097014925373134,0.22308657465495604,1.0,0.0,0.0
26103,Idriss Carlos Kameni,Málaga,5,2008,2015,medium,0.2,0.18810641627543037,0.7643192488262911,0.05376344086021505,0,0.0,0,0.045004500450045004,1,0.2561307901907357,0,0.16666666666666666,2,0.28575184016824395,2,0,5,0.3097014925373134,0.22308657465495604,0.0,1.0,0.0
24255,Juan Carlos Martín Corral,Rayo Vallecano,5,2014,2015,medium,0.2,0.18810641627543037,0.7643192488262911,0.05376344086021505,0,0.0,1,0.04950495049504951,0,0.21344232515894643,2,0.2727272727272727,1,0.22082018927444794,1,0,5,0.3097014925373134,0.22308657465495604,0.0,0.0,1.0
5108,Glyn Oliver Myhill,West Bromwich Albion,5,2015,2015,medium,0.0,0.1214397496087637,0.7643192488262911,0.05376344086021505,0,0.0,1,0.041254125412541254,2,0.2328461729006688,1,0.2,0,0.24290220820189273,0,0,5,0.3097014925373134,0.1564199079882894,,,
32677,Alexander Domínguez Carabalí,Ecuador,5,2024,2024,medium,0.0,0.1214397496087637,0.7643192488262911,0.05376344086021505,0,0.0,0,0.045004500450045004,1,0.2328461729006688,1,0.2,0,0.2024185068349106,2,5,0,0.20646766169154226,0.23462986198243407,,,
32037,Nicola Leali,Frosinone,5,2015,2015,medium,0.2,0.18810641627543037,0.7643192488262911,0.04887585532746823,1,0.0,0,0.04950495049504951,0,0.2739467616851813,3,0.2,0,0.22082018927444794,1,0,5,0.3097014925373134,0.22308657465495604,1.0,0.0,0.0
34393,Nelson de Jesus da Silva,AC Milan,5,2004,2004,medium,0.4,0.25477308294209705,0.6976525821596244,0.04887585532746823,1,0.0,0,0.04950495049504951,0,0.3801089918256131,2,0.2,0,0.2024185068349106,2,4,1,0.2926439232409382,0.30420896543857645,1.0,0.0,0.0
25719,Shūichi Gonda,Japan,5,2022,2022,medium,0.0,0.1214397496087637,0.7643192488262911,0.05376344086021505,0,0.0,1,0.04950495049504951,0,0.21344232515894643,2,0.18181818181818182,1,0.24290220820189273,0,4,1,0.2212153518123667,0.2132998745294855,,,
25377,Rémy Riou,Nantes,5,2015,2015,medium,0.2,0.18810641627543037,0.7643192488262911,0.05376344086021505,0,0.0,0,0.04950495049504951,0,0.2739467616851813,3,0.2,0,0.2024185068349106,2,0,5,0.3097014925373134,0.22308657465495604,1.0,0.0,0.0
26070,Antonio Rodríguez Martínez,Rayo Vallecano,5,2008,2015,medium,0.2,0.18810641627543037,0.7643192488262911,0.05376344086021505,0,0.0,0,0.04950495049504951,0,0.21344232515894643,2,0.2,0,0.26377092938607133,3,0,5,0.3097014925373134,0.22308657465495604,0.0,1.0,0.0
4440,Kevin Trapp,Eintracht Frankfurt,5,2015,2023,medium,0.4,0.25477308294209705,0.6976525821596244,0.05376344086021505,0,0.0,2,0.04950495049504951,0,0.3801089918256131,2,0.2,0,0.22082018927444794,1,0,5,0.3097014925373134,0.28975324132162267,1.0,0.0,0.0
6694,Gerónimo Rulli,Real Sociedad,5,2015,2015,medium,0.2,0.18810641627543037,0.6976525821596244,0.05376344086021505,0,0.0,0,0.04950495049504951,0,0.29677565849227977,2,0.2,0,0.2024185068349106,2,0,5,0.3097014925373134,0.22308657465495604,1.0,0.0,0.0
6730,Rubén Iván Martínez Andrade,RC Deportivo La Coruña,5,2015,2017,medium,0.4,0.25477308294209705,0.6309859154929577,0.05376344086021505,0,0.0,0,0.12458745874587458,2,0.29677565849227977,2,0.2,0,0.24290220820189273,0,0,5,0.3097014925373134,0.28975324132162267,0.5,0.5,0.0
6884,Sergio Álvarez Conde,Celta Vigo,5,2015,2015,medium,0.2,0.18810641627543037,0.6976525821596244,0.04887585532746823,1,0.0,0,0.04950495049504951,0,0.2561307901907357,0,0.2,0,0.26377092938607133,3,0,5,0.3097014925373134,0.22308657465495604,0.0,1.0,0.0
9082,Przemysław Tytoń,VfB Stuttgart,5,2014,2015,medium,0.2,0.18810641627543037,0.7643192488262911,0.05376344086021505,0,0.0,0,0.045004500450045004,1,0.21344232515894643,2,0.18181818181818182,1,0.31172928018353885,1,0,5,0.3097014925373134,0.22308657465495604,0.0,1.0,0.0
25144,Diego Alves Carreira,Valencia,5,2010,2016,medium,0.0,0.1214397496087637,0.8309859154929577,0.05376344086021505,0,0.0,0,0.041254125412541254,2,0.2328461729006688,1,0.18181818181818182,1,0.22082018927444794,1,0,5,0.3097014925373134,0.1564199079882894,,,
20074,Artur Boruc,AFC Bournemouth,5,2015,2015,medium,0.4,0.25477308294209705,0.6976525821596244,0.13978494623655913,1,0.0,0,0.045004500450045004,1,0.2328461729006688,1,0.2,0,0.28575184016824395,2,0,5,0.3097014925373134,0.28975324132162267,0.5,0.5,0.0
3509,Thibaut Courtois,Belgium,4,2013,2022,medium,0.5,0.272971160295104,0.676056338028169,0.05376344086021505,0,0.0,0,0.045004500450045004,1,0.3237552638097597,1,0.2727272727272727,1,0.22082018927444794,1,0,4,0.3097014925373134,0.3104499014160243,0.5,0.0,0.5
34390,Jerzy Dudek,Liverpool,4,2004,2004,medium,0.25,0.20154258886653253,0.676056338028169,0.04887585532746823,1,0.0,0,0.04950495049504951,0,0.29677565849227977,2,0.2,0,0.24290220820189273,0,4,0,0.2926439232409382,0.23462986198243407,1.0,0.0,0.0
4257,Yoan Cardinale,OGC Nice,4,2015,2015,medium,0.0,0.1301140174379611,0.8189134808853119,0.05376344086021505,0,0.0,0,0.045004500450045004,1,0.21344232515894643,2,0.2,0,0.22082018927444794,1,0,4,0.3097014925373134,0.16759275855888148,,,
27305,Germán Darío Lux,RC Deportivo La Coruña,4,2015,2015,medium,0.25,0.20154258886653253,0.7474849094567404,0.05376344086021505,0,0.0,1,0.04950495049504951,0,0.29677565849227977,2,0.2,0,0.22082018927444794,1,0,4,0.3097014925373134,0.2390213299874529,1.0,0.0,0.0
36794,Dayne Tristan St. Clair,Canada,4,2024,2024,medium,0.0,0.1301140174379611,0.8189134808853119,0.04887585532746823,1,0.0,1,0.045004500450045004,1,0.2328461729006688,1,0.2,0,0.24290220820189273,0,4,0,0.2212153518123667,0.23462986198243407,,,
10612,Yoel Rodríguez Oterino,Eibar,4,2015,2016,medium,0.25,0.20154258886653253,0.7474849094567404,0.04887585532746823,1,0.0,0,0.04950495049504951,0,0.2328461729006688,1,0.2727272727272727,1,0.22082018927444794,1,0,4,0.3097014925373134,0.2390213299874529,0.0,0.0,1.0
6590,Norberto Murara Neto,Barcelona,4,2015,2020,medium,0.0,0.1301140174379611,0.8189134808853119,0.04887585532746823,1,0.0,0,0.04950495049504951,0,0.21344232515894643,2,0.2,0,0.22082018927444794,1,0,4,0.3097014925373134,0.16759275855888148,,,
20015,Jens Lehmann,Arsenal,4,2003,2003,medium,0.0,0.1301140174379611,0.7474849094567404,0.04887585532746823,1,0.0,1,0.045004500450045004,1,0.2561307901907357,0,0.2,0,0.24290220820189273,0,0,4,0.3097014925373134,0.16759275855888148,,,
23843,Diego Mariño Villar,Levante UD,4,2014,2015,medium,0.0,0.1301140174379611,0.8189134808853119,0.05376344086021505,0,0.0,0,0.04950495049504951,0,0.21344232515894643,2,0.2,0,0.2024185068349106,2,0,4,0.3097014925373134,0.16759275855888148,,,
13042,Tim Howard,Everton,4,2015,2015,medium,0.0,0.1301140174379611,0.8189134808853119,0.04887585532746823,1,0.0,1,0.04950495049504951,0,0.2328461729006688,1,0.2,0,0.22082018927444794,1,0,4,0.3097014925373134,0.16759275855888148,,,
8821,Timo Horn,FC Köln,4,2015,2015,medium,0.25,0.20154258886653253,0.7474849094567404,0.05376344086021505,0,0.0,0,0.04950495049504951,0,0.2561307901907357,0,0.2,0,0.24493014871563767,4,0,4,0.3097014925373134,0.2390213299874529,0.0,1.0,0.0
9014,Declan Rudd,Norwich City,4,2015,2015,medium,0.0,0.1301140174379611,0.8189134808853119,0.05376344086021505,0,0.0,1,0.04950495049504951,0,0.2561307901907357,0,0.2,0,0.18684785246299443,3,0,4,0.3097014925373134,0.16759275855888148,,,
8306,Christian Mathenia,Darmstadt 98,4,2015,2015,medium,0.25,0.20154258886653253,0.7474849094567404,0.04887585532746823,1,0.0,0,0.045004500450045004,1,0.2561307901907357,0,0.2,0,0.28575184016824395,2,0,4,0.3097014925373134,0.2390213299874529,0.0,1.0,0.0
8225,Roman Bürki,Borussia Dortmund,4,2015,2015,medium,0.0,0.1301140174379611,0.8189134808853119,0.05376344086021505,0,0.0,0,0.04950495049504951,0,0.2328461729006688,1,0.2,0,0.18684785246299443,3,0,4,0.3097014925373134,0.16759275855888148,,,
8577,Rune Almenning Jarstein,Hertha Berlin,4,2015,2015,medium,0.0,0.1301140174379611,0.8189134808853119,0.05376344086021505,0,0.0,1,0.04950495049504951,0,0.2328461729006688,1,0.18181818181818182,1,0.22082018927444794,1,0,4,0.3097014925373134,0.16759275855888148,,,
6785,Yassine Bounou,Morocco,4,2022,2023,medium,0.5,0.272971160295104,0.5331991951710261,0.05376344086021505,0,0.0,0,0.04950495049504951,0,0.3237552638097597,1,0.2,0,0.31172928018353885,1,3,1,0.3920780711825488,0.2132998745294855,0.5,0.5,0.0
6871,Costel Fane Pantilimon,Sunderland,4,2015,2015,medium,0.0,0.1301140174379611,0.8189134808853119,0.05376344086021505,0,0.0,0,0.04950495049504951,0,0.2328461729006688,1,0.2,0,0.18684785246299443,3,0,4,0.3097014925373134,0.16759275855888148,,,
8662,Vid Belec,Carpi,4,2015,2015,medium,0.25,0.20154258886653253,0.7474849094567404,0.05376344086021505,0,0.0,0,0.04950495049504951,0,0.21344232515894643,2,0.2,0,0.28575184016824395,2,0,4,0.3097014925373134,0.2390213299874529,0.0,1.0,0.0
7803,Albano Benjamín Bizzarri,Chievo,4,2015,2015,medium,0.5,0.272971160295104,0.676056338028169,0.05376344086021505,0,0.0,0,0.045004500450045004,1,0.29677565849227977,2,0.2727272727272727,1,0.24290220820189273,0,0,4,0.3097014925373134,0.3104499014160243,0.5,0.0,0.5
401508,Clément Maury,Gazélec Ajaccio,4,2015,2015,medium,0.0,0.1301140174379611,0.8189134808853119,0.05376344086021505,0,0.0,0,0.04950495049504951,0,0.18295056442195406,4,0.2,0,0.24290220820189273,0,0,4,0.3097014925373134,0.16759275855888148,,,
7282,Jean-Louis Leca,Bastia,4,2015,2015,medium,0.25,0.20154258886653253,0.676056338028169,0.13978494623655913,1,0.0,0,0.04950495049504951,0,0.2328461729006688,1,0.2,0,0.22082018927444794,1,0,4,0.3097014925373134,0.2390213299874529,1.0,0.0,0.0
7132,Andrea Consigli,Sassuolo,4,2015,2015,medium,0.5,0.272971160295104,0.676056338028169,0.05376344086021505,0,0.0,0,0.04950495049504951,0,0.2328461729006688,1,0.2,0,0.34069400630914826,3,0,4,0.3097014925373134,0.3104499014160243,0.0,1.0,0.0
3432,Alexandre Letellier,Angers,4,2015,2015,medium,0.0,0.1301140174379611,0.7474849094567404,0.05376344086021505,0,0.0,0,0.04950495049504951,0,0.2328461729006688,1,0.2,0,0.2024185068349106,2,0,4,0.3097014925373134,0.16759275855888148,,,
105932,Josimar José Évora Dias,Cape Verde Islands,4,2023,2023,medium,0.25,0.20154258886653253,0.676056338028169,0.04887585532746823,1,0.0,0,0.04950495049504951,0,0.2328461729006688,1,0.2,0,0.31172928018353885,1,4,0,0.2926439232409382,0.23462986198243407,0.0,1.0,0.0
3096,Rob Elliot,Newcastle United,4,2015,2015,medium,0.0,0.1301140174379611,0.8189134808853119,0.05376344086021505,0,0.0,1,0.04950495049504951,0,0.2328461729006688,1,0.2,0,0.2024185068349106,2,0,4,0.3097014925373134,0.16759275855888148,,,
3008,Benjamin Lecomte,Montpellier,4,2015,2022,medium,0.25,0.20154258886653253,0.7474849094567404,0.04887585532746823,1,0.0,0,0.04950495049504951,0,0.2561307901907357,0,0.18181818181818182,1,0.28575184016824395,2,0,4,0.3097014925373134,0.2390213299874529,0.0,1.0,0.0
2947,Anthony Lopes,Lyon,3,2015,2021,medium,0.0,0.14012278801011196,0.8049837486457204,0.04887585532746823,1,0.0,0,0.04950495049504951,0,0.2328461729006688,1,0.2,0,0.22082018927444794,1,0,3,0.3097014925373134,0.18048450921725698,,,
3354,Benoît Guy Robert Costil,Rennes,3,2015,2015,medium,0.3333333333333333,0.2170458649331889,0.7280606717226435,0.05376344086021505,0,0.0,0,0.04950495049504951,0,0.29677565849227977,2,0.2,0,0.22082018927444794,1,0,3,0.3097014925373134,0.2574075861403339,1.0,0.0,0.0
6949,Gianluigi Buffon,Juventus,3,2015,2015,medium,0.3333333333333333,0.2170458649331889,0.7280606717226435,0.05376344086021505,0,0.0,0,0.045004500450045004,1,0.2328461729006688,1,0.2,0,0.31172928018353885,1,0,3,0.3097014925373134,0.2574075861403339,0.0,1.0,0.0
6898,Jaume Doménech Sánchez,Valencia,3,2015,2020,medium,1.0,0.37089201877934275,0.5742145178764897,0.05376344086021505,0,0.0,0,0.04950495049504951,0,0.3801089918256131,2,0.2,0,0.31172928018353885,1,0,3,0.3097014925373134,0.41125373998648773,0.6666666666666666,0.3333333333333333,0.0
6768,Diego López Rodríguez,AC Milan,3,2013,2015,medium,0.0,0.14012278801011196,0.8049837486457204,0.05376344086021505,0,0.0,0,0.041254125412541254,2,0.2561307901907357,0,0.2,0,0.22082018927444794,1,0,3,0.3097014925373134,0.18048450921725698,,,
7028,José Manuel Reina Páez,Napoli,3,2015,2015,medium,0.0,0.14012278801011196,0.8049837486457204,0.05376344086021505,0,0.0,0,0.04950495049504951,0,0.19702368476210438,3,0.2,0,0.24290220820189273,0,0,3,0.3097014925373134,0.18048450921725698,,,
8560,René Adler,Hamburger SV,3,2015,2015,medium,0.0,0.14012278801011196,0.8049837486457204,0.05376344086021505,0,0.0,0,0.045004500450045004,1,0.2561307901907357,0,0.2,0,0.2024185068349106,2,0,3,0.3097014925373134,0.18048450921725698,,,
8517,Ralf Fährmann,Schalke 04,3,2015,2015,medium,0.3333333333333333,0.2170458649331889,0.7280606717226435,0.05376344086021505,0,0.0,0,0.04950495049504951,0,0.2561307901907357,0,0.2,0,0.26377092938607133,3,0,3,0.3097014925373134,0.2574075861403339,0.0,1.0,0.0
24040,Cristian Darío Álvarez,Rayo Vallecano,3,2011,2014,medium,0.0,0.14012278801011196,0.8049837486457204,0.05376344086021505,0,0.0,0,0.04950495049504951,0,0.2561307901907357,0,0.2,0,0.18684785246299443,3,0,3,0.3097014925373134,0.18048450921725698,,,
4259,Stéphane Ruffier,Saint-Étienne,3,2015,2015,medium,0.3333333333333333,0.2170458649331889,0.7280606717226435,0.04887585532746823,1,0.0,0,0.04950495049504951,0,0.29677565849227977,2,0.2,0,0.24290220820189273,0,0,3,0.3097014925373134,0.2574075861403339,1.0,0.0,0.0
26753,Javier Varas Herrera,Las Palmas,3,2011,2015,medium,0.3333333333333333,0.2170458649331889,0.6511375947995666,0.05376344086021505,0,0.0,0,0.04950495049504951,0,0.2328461729006688,1,0.2,0,0.31172928018353885,1,0,3,0.3097014925373134,0.2574075861403339,0.0,1.0,0.0
3537,Jack Butland,Stoke City,3,2015,2015,medium,0.0,0.14012278801011196,0.8049837486457204,0.05376344086021505,0,0.0,0,0.04950495049504951,0,0.2561307901907357,0,0.16666666666666666,2,0.22082018927444794,1,0,3,0.3097014925373134,0.18048450921725698,,,
3539,Simon Mignolet,Liverpool,3,2015,2015,medium,0.3333333333333333,0.2170458649331889,0.7280606717226435,0.04887585532746823,1,0.0,0,0.04950495049504951,0,0.3237552638097597,1,0.2,0,0.22082018927444794,1,0,3,0.3097014925373134,0.2574075861403339,1.0,0.0,0.0
3711,Martin Dúbravka,Slovakia,3,2020,2024,medium,0.3333333333333333,0.2170458649331889,0.7280606717226435,0.04887585532746823,1,0.0,0,0.04950495049504951,0,0.3237552638097597,1,0.2,0,0.22082018927444794,1,0,3,0.3097014925373134,0.2574075861403339,1.0,0.0,0.0
36553,Matthieu Dreyer,Troyes,3,2015,2015,medium,0.6666666666666666,0.2939689418562658,0.6511375947995666,0.05376344086021505,0,0.0,0,0.04950495049504951,0,0.29677565849227977,2,0.2,0,0.31172928018353885,1,0,3,0.3097014925373134,0.3343306630634108,0.5,0.5,0.0
25946,Andrés Palop Cervera,Sevilla,3,2006,2007,medium,0.3333333333333333,0.2170458649331889,0.7280606717226435,0.05376344086021505,0,0.0,0,0.04950495049504951,0,0.2561307901907357,0,0.2727272727272727,1,0.2024185068349106,2,0,3,0.3097014925373134,0.2574075861403339,0.0,0.0,1.0
12608,Bradley Guzan,Aston Villa,3,2015,2015,medium,0.0,0.14012278801011196,0.7280606717226435,0.04887585532746823,1,0.0,0,0.04950495049504951,0,0.2561307901907357,0,0.2,0,0.22082018927444794,1,0,3,0.3097014925373134,0.18048450921725698,,,
25917,César Sánchez Domínguez,Real Zaragoza,3,2005,2007,medium,0.0,0.14012278801011196,0.8049837486457204,0.05376344086021505,0,0.0,0,0.04950495049504951,0,0.2328461729006688,1,0.2,0,0.2024185068349106,2,0,3,0.3097014925373134,0.18048450921725698,,,
26005,José Manuel Pinto Colorado,Barcelona,3,2007,2010,medium,0.0,0.14012278801011196,0.8049837486457204,0.05376344086021505,0,0.0,1,0.045004500450045004,1,0.2561307901907357,0,0.2,0,0.22082018927444794,1,0,3,0.3097014925373134,0.18048450921725698,,,
6662,Iago Herrerín Buisán,Leganés,3,2015,2016,medium,0.0,0.14012278801011196,0.8049837486457204,0.044802867383512544,2,0.0,0,0.04950495049504951,0,0.2561307901907357,0,0.2,0,0.22082018927444794,1,0,3,0.3097014925373134,0.18048450921725698,,,
6629,Fernando Pacheco Flores,Deportivo Alavés,3,2017,2019,medium,0.3333333333333333,0.2170458649331889,0.7280606717226435,0.05376344086021505,0,0.0,0,0.04950495049504951,0,0.29677565849227977,2,0.2,0,0.22082018927444794,1,0,3,0.3097014925373134,0.2574075861403339,1.0,0.0,0.0
6654,Antonio Adán Garrido,Real Betis,3,2013,2015,medium,0.3333333333333333,0.2170458649331889,0.6511375947995666,0.05376344086021505,0,0.0,0,0.04950495049504951,0,0.2328461729006688,1,0.2,0,0.31172928018353885,1,0,3,0.3097014925373134,0.2574075861403339,0.0,1.0,0.0
11537,Alberto García Cabrera,Sporting Gijón,3,2015,2015,medium,0.6666666666666666,0.2939689418562658,0.6511375947995666,0.05376344086021505,0,0.0,0,0.04950495049504951,0,0.2328461729006688,1,0.2,0,0.36908517350157727,2,0,3,0.3097014925373134,0.3343306630634108,0.0,1.0,0.0
386510,Massimo Zenildo Zappino,Frosinone,2,2015,2015,low,0.0,0.15179968701095461,0.7887323943661971,0.05376344086021505,0,0.0,0,0.045004500450045004,1,0.2561307901907357,0,0.18181818181818182,1,0.24290220820189273,0,0,2,0.3097014925373134,0.19552488498536172,,,
8393,Oliver Baumann,Hoffenheim,2,2015,2015,low,0.0,0.15179968701095461,0.7887323943661971,0.05376344086021505,0,0.0,0,0.04950495049504951,0,0.2328461729006688,1,0.18181818181818182,1,0.24290220820189273,0,0,2,0.3097014925373134,0.19552488498536172,,,
10483,Ørjan Håskjold Nyland,Ingolstadt,2,2015,2015,low,0.5,0.23513302034428796,0.7053990610328639,0.04887585532746823,1,0.0,0,0.13591359135913592,1,0.2561307901907357,0,0.2,0,0.24290220820189273,0,0,2,0.3097014925373134,0.27885821831869506,0.0,1.0,0.0
9539,Vito Mannone,Sunderland,2,2015,2015,low,0.0,0.15179968701095461,0.7053990610328639,0.05376344086021505,0,0.0,0,0.04950495049504951,0,0.2328461729006688,1,0.2,0,0.24290220820189273,0,0,2,0.3097014925373134,0.19552488498536172,,,
6571,Roberto Jiménez Gago,Real Zaragoza,2,2009,2011,low,0.0,0.15179968701095461,0.7887323943661971,0.05376344086021505,0,0.0,1,0.04950495049504951,0,0.2328461729006688,1,0.2,0,0.24290220820189273,0,0,2,0.3097014925373134,0.19552488498536172,,,
13614,Francesco Bardi,Frosinone,2,2015,2015,low,0.5,0.23513302034428796,0.7053990610328639,0.05376344086021505,0,0.0,0,0.04950495049504951,0,0.29677565849227977,2,0.2,0,0.24290220820189273,0,0,2,0.3097014925373134,0.27885821831869506,1.0,0.0,0.0
6312,Franco Armani,Argentina,2,2018,2018,low,0.0,0.15179968701095461,0.7887323943661971,0.05376344086021505,0,0.0,0,0.04950495049504951,0,0.2328461729006688,1,0.2,0,0.22082018927444794,1,0,2,0.3097014925373134,0.19552488498536172,,,
5636,Jaime Manuel Penedo Cano,Panama,2,2018,2018,low,0.0,0.15179968701095461,0.7887323943661971,0.044802867383512544,2,0.0,0,0.04950495049504951,0,0.2561307901907357,0,0.2,0,0.24290220820189273,0,0,2,0.3097014925373134,0.19552488498536172,,,
5454,Francis Odinaka Uzoho,Nigeria,2,2018,2018,low,0.0,0.15179968701095461,0.7053990610328639,0.05376344086021505,0,0.0,0,0.04950495049504951,0,0.2328461729006688,1,0.2,0,0.24290220820189273,0,0,2,0.3097014925373134,0.19552488498536172,,,
6292,Essam Kamal Tawfik El Hadary,Egypt,2,2018,2018,low,0.5,0.23513302034428796,0.7053990610328639,0.04887585532746823,1,0.0,0,0.04950495049504951,0,0.3237552638097597,1,0.2,0,0.24290220820189273,0,0,2,0.3097014925373134,0.27885821831869506,1.0,0.0,0.0
26221,Gustavo Adolfo Munúa Vera,Levante UD,2,2007,2011,low,0.0,0.15179968701095461,0.7887323943661971,0.05376344086021505,0,0.0,0,0.045004500450045004,1,0.2561307901907357,0,0.2,0,0.22082018927444794,1,0,2,0.3097014925373134,0.19552488498536172,,,
6706,Francisco Casilla Cortés,Espanyol,2,2012,2013,low,0.0,0.15179968701095461,0.7887323943661971,0.05376344086021505,0,0.0,0,0.04950495049504951,0,0.21344232515894643,2,0.2,0,0.24290220820189273,0,0,2,0.3097014925373134,0.19552488498536172,,,
18672,Mark Bunn,Aston Villa,2,2015,2015,low,0.5,0.23513302034428796,0.7053990610328639,0.05376344086021505,0,0.0,1,0.04950495049504951,0,0.3237552638097597,1,0.2,0,0.24290220820189273,0,0,2,0.3097014925373134,0.27885821831869506,1.0,0.0,0.0
5577,Francisco Guillermo Ochoa Magaña,Mexico,2,2018,2022,low,0.5,0.23513302034428796,0.7053990610328639,0.04887585532746823,1,0.0,0,0.04950495049504951,0,0.2561307901907357,0,0.2,0,0.31172928018353885,1,0,2,0.3097014925373134,0.27885821831869506,0.0,1.0,0.0
20446,Shay Given,Stoke City,2,2003,2015,low,0.0,0.15179968701095461,0.7887323943661971,0.04887585532746823,1,0.0,0,0.04950495049504951,0,0.2561307901907357,0,0.18181818181818182,1,0.24290220820189273,0,0,2,0.3097014925373134,0.19552488498536172,,,
21397,Stole Dimitrievski,North Macedonia,2,2018,2020,low,0.5,0.23513302034428796,0.7053990610328639,0.05376344086021505,0,0.0,0,0.04950495049504951,0,0.3237552638097597,1,0.2,0,0.22082018927444794,1,0,2,0.3097014925373134,0.27885821831869506,1.0,0.0,0.0
20662,Alexander Nübel,AS Monaco,2,2021,2022,low,0.0,0.15179968701095461,0.7887323943661971,0.05376344086021505,0,0.0,0,0.04950495049504951,0,0.21344232515894643,2,0.2,0,0.24290220820189273,0,0,2,0.3097014925373134,0.19552488498536172,,,
16309,Joel Robles Blázquez,Everton,2,2015,2015,low,0.0,0.15179968701095461,0.7053990610328639,0.05376344086021505,0,0.0,0,0.04950495049504951,0,0.2328461729006688,1,0.2,0,0.24290220820189273,0,0,2,0.3097014925373134,0.19552488498536172,,,
182573,Ibrahim Kone,Guinea,2,2023,2023,low,0.0,0.15179968701095461,0.7053990610328639,0.05376344086021505,0,0.0,0,0.04950495049504951,0,0.2328461729006688,1,0.2,0,0.24290220820189273,0,0,2,0.3097014925373134,0.19552488498536172,,,
104179,Orlando Mosquera,Panama,2,2024,2024,low,0.0,0.15179968701095461,0.7887323943661971,0.05376344086021505,0,0.0,0,0.045004500450045004,1,0.2561307901907357,0,0.2,0,0.22082018927444794,1,0,2,0.3097014925373134,0.19552488498536172,,,
161718,Ivane Carminio Francisco Urrubal,Mozambique,2,2023,2023,low,0.0,0.15179968701095461,0.7887323943661971,0.04887585532746823,1,0.0,0,0.04950495049504951,0,0.2561307901907357,0,0.2,0,0.22082018927444794,1,0,2,0.3097014925373134,0.19552488498536172,,,
6755,Sergio Asenjo Andrés,Villarreal,2,2015,2020,low,0.0,0.15179968701095461,0.7887323943661971,0.05376344086021505,0,0.0,0,0.04950495049504951,0,0.21344232515894643,2,0.2,0,0.24290220820189273,0,0,2,0.3097014925373134,0.19552488498536172,,,
6823,Sergio Rico González,Sevilla,2,2015,2015,low,0.0,0.15179968701095461,0.7053990610328639,0.05376344086021505,0,0.0,0,0.04950495049504951,0,0.2328461729006688,1,0.2,0,0.24290220820189273,0,0,2,0.3097014925373134,0.19552488498536172,,,
6991,Etrit Berisha,Lazio,2,2015,2015,low,0.5,0.23513302034428796,0.7053990610328639,0.05376344086021505,0,0.0,0,0.04950495049504951,0,0.3237552638097597,1,0.2,0,0.22082018927444794,1,0,2,0.3097014925373134,0.27885821831869506,1.0,0.0,0.0
9095,Manuel Riemann,Bochum,2,2023,2023,low,0.0,0.15179968701095461,0.7887323943661971,0.05376344086021505,0,0.0,0,0.04950495049504951,0,0.2328461729006688,1,0.18181818181818182,1,0.24290220820189273,0,0,2,0.3097014925373134,0.19552488498536172,,,
7641,Johann Carrasso,Stade de Reims,2,2015,2015,low,0.0,0.15179968701095461,0.7887323943661971,0.05376344086021505,0,0.0,0,0.04950495049504951,0,0.2328461729006688,1,0.2,0,0.22082018927444794,1,0,2,0.3097014925373134,0.19552488498536172,,,
7905,Raúl Lizoáin Cruz,Las Palmas,2,2015,2015,low,0.0,0.15179968701095461,0.7887323943661971,0.05376344086021505,0,0.0,0,0.04950495049504951,0,0.2328461729006688,1,0.2,0,0.22082018927444794,1,0,2,0.3097014925373134,0.19552488498536172,,,
3240,Mathew Ryan,Australia,2,2015,2018,low,0.0,0.15179968701095461,0.7887323943661971,0.05376344086021505,0,0.0,0,0.045004500450045004,1,0.2561307901907357,0,0.2,0,0.22082018927444794,1,0,2,0.3097014925373134,0.19552488498536172,,,
2963,Rémy Vercoutre,Caen,2,2015,2015,low,0.0,0.15179968701095461,0.7887323943661971,0.05376344086021505,0,0.0,0,0.04950495049504951,0,0.2561307901907357,0,0.2,0,0.2024185068349106,2,0,2,0.3097014925373134,0.19552488498536172,,,
3339,Asmir Begović,Chelsea,2,2015,2015,low,0.0,0.15179968701095461,0.7887323943661971,0.05376344086021505,0,0.0,0,0.04950495049504951,0,0.2328461729006688,1,0.2,0,0.22082018927444794,1,0,2,0.3097014925373134,0.19552488498536172,,,
3262,Łukasz Fabiański,Swansea City,2,2015,2015,low,0.0,0.15179968701095461,0.7887323943661971,0.05376344086021505,0,0.0,1,0.045004500450045004,1,0.2561307901907357,0,0.2,0,0.24290220820189273,0,0,2,0.3097014925373134,0.19552488498536172,,,
102992,Djigui Diarra,Mali,2,2023,2023,low,0.0,0.15179968701095461,0.7053990610328639,0.04887585532746823,1,0.0,0,0.04950495049504951,0,0.2561307901907357,0,0.2,0,0.24290220820189273,0,0,2,0.3097014925373134,0.19552488498536172,,,
3379,Alphonse Areola,Villarreal,2,2015,2015,low,0.5,0.23513302034428796,0.7053990610328639,0.05376344086021505,0,0.0,0,0.04950495049504951,0,0.29677565849227977,2,0.2,0,0.24290220820189273,0,0,2,0.3097014925373134,0.27885821831869506,1.0,0.0,0.0
34953,Denis Petrić,Troyes,2,2015,2015,low,0.0,0.15179968701095461,0.7887323943661971,0.05376344086021505,0,0.0,0,0.045004500450045004,1,0.2328461729006688,1,0.2,0,0.24290220820189273,0,0,2,0.3097014925373134,0.19552488498536172,,,
30767,Gabriel Vasconelos Ferreira,Napoli,2,2015,2015,low,0.5,0.23513302034428796,0.7053990610328639,0.05376344086021505,0,0.0,0,0.04950495049504951,0,0.3237552638097597,1,0.2,0,0.22082018927444794,1,0,2,0.3097014925373134,0.27885821831869506,1.0,0.0,0.0
5205,Rui Pedro dos Santos Patrício,Portugal,2,2018,2020,low,0.0,0.15179968701095461,0.7887323943661971,0.04887585532746823,1,0.0,0,0.045004500450045004,1,0.2561307901907357,0,0.2,0,0.24290220820189273,0,0,2,0.3097014925373134,0.19552488498536172,,,
3488,Wayne Hennessey,Crystal Palace,2,2015,2015,low,0.0,0.15179968701095461,0.7887323943661971,0.04887585532746823,1,0.0,0,0.04950495049504951,0,0.2328461729006688,1,0.2,0,0.24290220820189273,0,0,2,0.3097014925373134,0.19552488498536172,,,
40533,Cédric Carrasso,Bordeaux,2,2015,2015,low,0.5,0.23513302034428796,0.7053990610328639,0.05376344086021505,0,0.0,0,0.04950495049504951,0,0.29677565849227977,2,0.2,0,0.24290220820189273,0,0,2,0.3097014925373134,0.27885821831869506,1.0,0.0,0.0
40529,Morgan De Sanctis,AS Roma,2,2015,2015,low,0.5,0.23513302034428796,0.7053990610328639,0.05376344086021505,0,0.0,0,0.045004500450045004,1,0.2561307901907357,0,0.2,0,0.31172928018353885,1,0,2,0.3097014925373134,0.27885821831869506,0.0,1.0,0.0
40484,Vincent Enyeama,Lille,2,2015,2015,low,0.0,0.15179968701095461,0.7887323943661971,0.05376344086021505,0,0.0,0,0.045004500450045004,1,0.2561307901907357,0,0.2,0,0.22082018927444794,1,0,2,0.3097014925373134,0.19552488498536172,,,
36951,Babacar Niasse,Mauritania,2,2023,2023,low,0.0,0.15179968701095461,0.7887323943661971,0.04887585532746823,1,0.0,0,0.04950495049504951,0,0.2561307901907357,0,0.18181818181818182,1,0.24290220820189273,0,0,2,0.3097014925373134,0.19552488498536172,,,
29003,Jonas Omlin,Montpellier,2,2022,2022,low,0.5,0.23513302034428796,0.7053990610328639,0.05376344086021505,0,0.0,0,0.04950495049504951,0,0.2328461729006688,1,0.2,0,0.31172928018353885,1,0,2,0.3097014925373134,0.27885821831869506,0.0,1.0,0.0
4509,Jérôme Prior,Bordeaux,2,2015,2015,low,0.5,0.23513302034428796,0.7053990610328639,0.04887585532746823,1,0.0,0,0.04950495049504951,0,0.2561307901907357,0,0.2,0,0.31172928018353885,1,0,2,0.3097014925373134,0.27885821831869506,0.0,1.0,0.0
5619,Hyeon-Woo Jo,South Korea,2,2018,2018,low,0.0,0.15179968701095461,0.7887323943661971,0.05376344086021505,0,0.0,0,0.045004500450045004,1,0.2561307901907357,0,0.2,0,0.22082018927444794,1,0,2,0.3097014925373134,0.19552488498536172,,,
62016,Rodrigo Mario Morínigo Acosta,Paraguay,2,2024,2024,low,0.0,0.15179968701095461,0.7053990610328639,0.05376344086021505,0,0.0,0,0.04950495049504951,0,0.2561307901907357,0,0.2,0,0.22082018927444794,1,0,2,0.3097014925373134,0.19552488498536172,,,
41381,Anthony Louis Mandréa,Algeria,2,2023,2023,low,0.0,0.15179968701095461,0.7887323943661971,0.05376344086021505,0,0.0,0,0.04950495049504951,0,0.2328461729006688,1,0.18181818181818182,1,0.24290220820189273,0,0,2,0.3097014925373134,0.19552488498536172,,,
57655,Željko Brkić,Carpi,2,2015,2015,low,0.0,0.15179968701095461,0.7887323943661971,0.05376344086021505,0,0.0,0,0.04950495049504951,0,0.2561307901907357,0,0.18181818181818182,1,0.22082018927444794,1,0,2,0.3097014925373134,0.19552488498536172,,,
40645,Laurent Pionnier,Montpellier,2,2015,2015,low,0.0,0.15179968701095461,0.7887323943661971,0.05376344086021505,0,0.0,0,0.04950495049504951,0,0.2328461729006688,1,0.2,0,0.22082018927444794,1,0,2,0.3097014925373134,0.19552488498536172,,,
41067,Davide Bassi,Atalanta,2,2015,2015,low,0.0,0.15179968701095461,0.7053990610328639,0.05376344086021505,0,0.0,0,0.045004500450045004,1,0.2561307901907357,0,0.2,0,0.24290220820189273,0,0,2,0.3097014925373134,0.19552488498536172,,,
6692,Oier Olazábal Paredes,Real Sociedad,2,2015,2015,low,0.0,0.15179968701095461,0.7887323943661971,0.05376344086021505,0,0.0,0,0.04950495049504951,0,0.2561307901907357,0,0.18181818181818182,1,0.22082018927444794,1,0,2,0.3097014925373134,0.19552488498536172,,,
11508,Łukasz Skorupski,Poland,2,2015,2024,low,0.0,0.15179968701095461,0.7887323943661971,0.05376344086021505,0,0.0,0,0.04950495049504951,0,0.2328461729006688,1,0.2,0,0.22082018927444794,1,0,2,0.3097014925373134,0.19552488498536172,,,
11302,Jordi Masip López,Real Valladolid,2,2018,2018,low,0.5,0.23513302034428796,0.7053990610328639,0.05376344086021505,0,0.0,0,0.04950495049504951,0,0.2561307901907357,0,0.2,0,0.28575184016824395,2,0,2,0.3097014925373134,0.27885821831869506,0.0,1.0,0.0
11179,Iker Casillas Fernández,Real Madrid,2,2008,2010,low,0.5,0.23513302034428796,0.7053990610328639,0.05376344086021505,0,0.0,0,0.04950495049504951,0,0.2561307901907357,0,0.2,0,0.28575184016824395,2,0,2,0.3097014925373134,0.27885821831869506,0.0,1.0,0.0
12319,Ramazan Özcan,Ingolstadt,2,2015,2015,low,0.0,0.15179968701095461,0.7887323943661971,0.05376344086021505,0,0.0,0,0.04950495049504951,0,0.2328461729006688,1,0.2,0,0.22082018927444794,1,0,2,0.3097014925373134,0.19552488498536172,,,
3291,Joe Hart,Manchester City,1,2015,2015,low,0.0,0.16559965855740505,0.7695262483994878,0.05376344086021505,0,0.0,0,0.045004500450045004,1,0.2561307901907357,0,0.2,0,0.24290220820189273,0,0,1,0.3097014925373134,0.2132998745294855,,,
226523,Jahmali Waite,Jamaica,1,2024,2024,low,0.0,0.16559965855740505,0.7695262483994878,0.05376344086021505,0,0.0,0,0.04950495049504951,0,0.2561307901907357,0,0.2,0,0.22082018927444794,1,0,1,0.3097014925373134,0.2132998745294855,,,
397802,Jan Jongbloed,Netherlands,1,1974,1974,low,0.0,0.16559965855740505,0.7695262483994878,0.05376344086021505,0,0.0,0,0.04950495049504951,0,0.2328461729006688,1,0.2,0,0.24290220820189273,0,0,1,0.3097014925373134,0.2132998745294855,,,
136064,Ernan Alberto Siluane,Mozambique,1,2023,2023,low,0.0,0.16559965855740505,0.7695262483994878,0.05376344086021505,0,0.0,0,0.04950495049504951,0,0.2328461729006688,1,0.2,0,0.24290220820189273,0,0,1,0.3097014925373134,0.2132998745294855,,,
398823,Eike Immel,VfB Stuttgart,1,1988,1988,low,0.0,0.16559965855740505,0.7695262483994878,0.05376344086021505,0,0.0,0,0.04950495049504951,0,0.2328461729006688,1,0.2,0,0.24290220820189273,0,0,1,0.3097014925373134,0.2132998745294855,,,
401501,David Yelldell,Bayer Leverkusen,1,2015,2015,low,0.0,0.16559965855740505,0.7695262483994878,0.05376344086021505,0,0.0,0,0.04950495049504951,0,0.2328461729006688,1,0.2,0,0.24290220820189273,0,0,1,0.3097014925373134,0.2132998745294855,,,
7069,Miguel Ángel Moyà Rumbo,Getafe,1,2012,2012,low,0.0,0.16559965855740505,0.7695262483994878,0.05376344086021505,0,0.0,0,0.04950495049504951,0,0.2561307901907357,0,0.2,0,0.22082018927444794,1,0,1,0.3097014925373134,0.2132998745294855,,,
397972,Viktor Chanov,Soviet Union U20,1,1979,1979,low,0.0,0.16559965855740505,0.7695262483994878,0.05376344086021505,0,0.0,0,0.04950495049504951,0,0.2561307901907357,0,0.18181818181818182,1,0.24290220820189273,0,0,1,0.3097014925373134,0.2132998745294855,,,
2981,Alban Lafont,Nantes,1,2021,2021,low,1.0,0.25650874946649593,0.6786171574903969,0.05376344086021505,0,0.0,0,0.04950495049504951,0,0.2561307901907357,0,0.2,0,0.31172928018353885,1,0,1,0.3097014925373134,0.30420896543857645,0.0,1.0,0.0
3419,Jessy Moulin,Troyes,1,2021,2021,low,0.0,0.16559965855740505,0.7695262483994878,0.05376344086021505,0,0.0,0,0.04950495049504951,0,0.2328461729006688,1,0.2,0,0.24290220820189273,0,0,1,0.3097014925373134,0.2132998745294855,,,
124496,Saad Abdullah Al Sheeb,Qatar,1,2022,2022,low,0.0,0.16559965855740505,0.7695262483994878,0.05376344086021505,0,0.0,0,0.04950495049504951,0,0.2561307901907357,0,0.2,0,0.22082018927444794,1,0,1,0.3097014925373134,0.2132998745294855,,,
10332,Odisseas Vlachodimos,VfB Stuttgart,1,2015,2015,low,0.0,0.16559965855740505,0.7695262483994878,0.05376344086021505,0,0.0,0,0.04950495049504951,0,0.2561307901907357,0,0.2,0,0.22082018927444794,1,0,1,0.3097014925373134,0.2132998745294855,,,
9887,Rafael de Andrade Bittencourt Pinheiro,Hellas Verona,1,2015,2015,low,0.0,0.16559965855740505,0.7695262483994878,0.05376344086021505,0,0.0,1,0.04950495049504951,0,0.2561307901907357,0,0.2,0,0.24290220820189273,0,0,1,0.3097014925373134,0.2132998745294855,,,
9879,Jon Ander Serantes Simon,Leganés,1,2016,2016,low,0.0,0.16559965855740505,0.7695262483994878,0.05376344086021505,0,0.0,0,0.045004500450045004,1,0.2561307901907357,0,0.2,0,0.24290220820189273,0,0,1,0.3097014925373134,0.2132998745294855,,,
9747,Axel Werner,Huesca,1,2018,2018,low,0.0,0.16559965855740505,0.7695262483994878,0.05376344086021505,0,0.0,0,0.04950495049504951,0,0.2561307901907357,0,0.2,0,0.22082018927444794,1,0,1,0.3097014925373134,0.2132998745294855,,,
9205,Kevin Müller,FC Heidenheim,1,2023,2023,low,0.0,0.16559965855740505,0.7695262483994878,0.05376344086021505,0,0.0,0,0.04950495049504951,0,0.2561307901907357,0,0.18181818181818182,1,0.24290220820189273,0,0,1,0.3097014925373134,0.2132998745294855,,,
6795,Rubén Blanco Veiga,Celta Vigo,1,2019,2019,low,0.0,0.16559965855740505,0.7695262483994878,0.05376344086021505,0,0.0,0,0.04950495049504951,0,0.2328461729006688,1,0.2,0,0.24290220820189273,0,0,1,0.3097014925373134,0.2132998745294855,,,
7123,Gianluca Pegolo,Sassuolo,1,2015,2015,low,0.0,0.16559965855740505,0.7695262483994878,0.05376344086021505,0,0.0,0,0.04950495049504951,0,0.2328461729006688,1,0.2,0,0.24290220820189273,0,0,1,0.3097014925373134,0.2132998745294855,,,
7148,Mattia Perin,Genoa,1,2015,2015,low,1.0,0.25650874946649593,0.6786171574903969,0.05376344086021505,0,0.0,0,0.04950495049504951,0,0.2561307901907357,0,0.2,0,0.31172928018353885,1,0,1,0.3097014925373134,0.30420896543857645,0.0,1.0,0.0
7804,Alberto Brignoli,Sampdoria,1,2015,2015,low,0.0,0.16559965855740505,0.7695262483994878,0.05376344086021505,0,0.0,0,0.04950495049504951,0,0.2328461729006688,1,0.2,0,0.24290220820189273,0,0,1,0.3097014925373134,0.2132998745294855,,,
7517,Gauthier Gallon,Troyes,1,2022,2022,low,0.0,0.16559965855740505,0.7695262483994878,0.04887585532746823,1,0.0,0,0.04950495049504951,0,0.2561307901907357,0,0.2,0,0.24290220820189273,0,0,1,0.3097014925373134,0.2132998745294855,,,
7469,Salvatore Sirigu,Osasuna,1,2016,2016,low,0.0,0.16559965855740505,0.7695262483994878,0.05376344086021505,0,0.0,1,0.04950495049504951,0,0.2561307901907357,0,0.2,0,0.24290220820189273,0,0,1,0.3097014925373134,0.2132998745294855,,,
8108,Lawrence Ati-Zigi,Ghana,1,2022,2022,low,0.0,0.16559965855740505,0.7695262483994878,0.04887585532746823,1,0.0,0,0.04950495049504951,0,0.2561307901907357,0,0.2,0,0.24290220820189273,0,0,1,0.3097014925373134,0.2132998745294855,,,
8240,Koen Casteels,Wolfsburg,1,2015,2015,low,1.0,0.25650874946649593,0.6786171574903969,0.05376344086021505,0,0.0,0,0.04950495049504951,0,0.2561307901907357,0,0.2,0,0.31172928018353885,1,0,1,0.3097014925373134,0.30420896543857645,0.0,1.0,0.0
8208,Sven Ulreich,Bayern Munich,1,2023,2023,low,0.0,0.16559965855740505,0.7695262483994878,0.04887585532746823,1,0.0,0,0.04950495049504951,0,0.2561307901907357,0,0.2,0,0.24290220820189273,0,0,1,0.3097014925373134,0.2132998745294855,,,
8524,Péter Gulácsi,Hungary,1,2020,2020,low,0.0,0.16559965855740505,0.7695262483994878,0.05376344086021505,0,0.0,0,0.04950495049504951,0,0.2561307901907357,0,0.2,0,0.22082018927444794,1,0,1,0.3097014925373134,0.2132998745294855,,,
8652,Jasper Cillessen,Valencia,1,2020,2020,low,1.0,0.25650874946649593,0.6786171574903969,0.05376344086021505,0,0.0,0,0.04950495049504951,0,0.3237552638097597,1,0.2,0,0.24290220820189273,0,0,1,0.3097014925373134,0.30420896543857645,1.0,0.0,0.0
7515,Jules Goda,Gazélec Ajaccio,1,2015,2015,low,0.0,0.16559965855740505,0.7695262483994878,0.05376344086021505,0,0.0,1,0.04950495049504951,0,0.2561307901907357,0,0.2,0,0.24290220820189273,0,0,1,0.3097014925373134,0.2132998745294855,,,
125324,Lloyd Junior Kazapua,Namibia,1,2023,2023,low,0.0,0.16559965855740505,0.7695262483994878,0.05376344086021505,0,0.0,0,0.04950495049504951,0,0.2561307901907357,0,0.2,0,0.22082018927444794,1,0,1,0.3097014925373134,0.2132998745294855,,,
20201,Maarten Stekelenburg,Southampton,1,2015,2015,low,0.0,0.16559965855740505,0.7695262483994878,0.05376344086021505,0,0.0,1,0.04950495049504951,0,0.2561307901907357,0,0.2,0,0.24290220820189273,0,0,1,0.3097014925373134,0.2132998745294855,,,
21532,Daniel Bachmann,Austria,1,2020,2020,low,0.0,0.16559965855740505,0.7695262483994878,0.05376344086021505,0,0.0,0,0.04950495049504951,0,0.2328461729006688,1,0.2,0,0.24290220820189273,0,0,1,0.3097014925373134,0.2132998745294855,,,
22125,Arthur Desmas,Clermont Foot,1,2021,2021,low,0.0,0.16559965855740505,0.7695262483994878,0.05376344086021505,0,0.0,0,0.04950495049504951,0,0.2328461729006688,1,0.2,0,0.24290220820189273,0,0,1,0.3097014925373134,0.2132998745294855,,,
6722,David Soria Solís,Getafe,1,2020,2020,low,0.0,0.16559965855740505,0.7695262483994878,0.05376344086021505,0,0.0,0,0.04950495049504951,0,0.2561307901907357,0,0.2,0,0.22082018927444794,1,0,1,0.3097014925373134,0.2132998745294855,,,
19761,Ricardo Alexandre Martins Soares Pereira,Real Betis,1,2008,2008,low,1.0,0.25650874946649593,0.6786171574903969,0.05376344086021505,0,0.0,0,0.04950495049504951,0,0.3237552638097597,1,0.2,0,0.24290220820189273,0,0,1,0.3097014925373134,0.30420896543857645,1.0,0.0,0.0
20066,Darren Randolph,West Ham United,1,2015,2015,low,0.0,0.16559965855740505,0.7695262483994878,0.05376344086021505,0,0.0,0,0.04950495049504951,0,0.2561307901907357,0,0.2,0,0.22082018927444794,1,0,1,0.3097014925373134,0.2132998745294855,,,
6698,Marko Dmitrović,Eibar,1,2017,2017,low,0.0,0.16559965855740505,0.7695262483994878,0.04887585532746823,1,0.0,0,0.04950495049504951,0,0.2561307901907357,0,0.2,0,0.24290220820189273,0,0,1,0.3097014925373134,0.2132998745294855,,,
12352,Matthew Charles Turner,United States,1,2022,2022,low,0.0,0.16559965855740505,0.7695262483994878,0.05376344086021505,0,0.0,0,0.045004500450045004,1,0.2561307901907357,0,0.2,0,0.24290220820189273,0,0,1,0.3097014925373134,0.2132998745294855,,,
23344,Aitor Fernández Abarisketa,Levante UD,1,2019,2019,low,0.0,0.16559965855740505,0.7695262483994878,0.05376344086021505,0,0.0,0,0.045004500450045004,1,0.2561307901907357,0,0.2,0,0.24290220820189273,0,0,1,0.3097014925373134,0.2132998745294855,,,
20256,Grégory Coupet,Atlético Madrid,1,2008,2008,low,0.0,0.16559965855740505,0.7695262483994878,0.05376344086021505,0,0.0,0,0.04950495049504951,0,0.2328461729006688,1,0.2,0,0.24290220820189273,0,0,1,0.3097014925373134,0.2132998745294855,,,
20145,Thomas Løvendahl Sørensen,Aston Villa,1,2003,2003,low,0.0,0.16559965855740505,0.7695262483994878,0.05376344086021505,0,0.0,0,0.045004500450045004,1,0.2561307901907357,0,0.2,0,0.24290220820189273,0,0,1,0.3097014925373134,0.2132998745294855,,,
11541,Tomáš Vaclík,Sevilla,1,2018,2018,low,0.0,0.16559965855740505,0.7695262483994878,0.05376344086021505,0,0.0,0,0.04950495049504951,0,0.2328461729006688,1,0.2,0,0.24290220820189273,0,0,1,0.3097014925373134,0.2132998745294855,,,
12475,Angelo Esmael da Costa Júnior,Bologna,1,2015,2015,low,0.0,0.16559965855740505,0.7695262483994878,0.04887585532746823,1,0.0,0,0.04950495049504951,0,0.2561307901907357,0,0.2,0,0.24290220820189273,0,0,1,0.3097014925373134,0.2132998745294855,,,
12420,Frederik Rønnow,Union Berlin,1,2023,2023,low,0.0,0.16559965855740505,0.7695262483994878,0.04887585532746823,1,0.0,0,0.04950495049504951,0,0.2561307901907357,0,0.2,0,0.24290220820189273,0,0,1,0.3097014925373134,0.2132998745294855,,,
26219,Timo Hildebrand,Valencia,1,2007,2007,low,0.0,0.16559965855740505,0.7695262483994878,0.05376344086021505,0,0.0,0,0.04950495049504951,0,0.2561307901907357,0,0.2,0,0.22082018927444794,1,0,1,0.3097014925373134,0.2132998745294855,,,
26084,Iñaki Lafuente Sancha,Athletic Club,1,2005,2005,low,0.0,0.16559965855740505,0.7695262483994878,0.05376344086021505,0,0.0,0,0.04950495049504951,0,0.2561307901907357,0,0.2,0,0.22082018927444794,1,0,1,0.3097014925373134,0.2132998745294855,,,
25953,Armando Riveiro de Aguilar Malda,Cádiz,1,2005,2005,low,0.0,0.16559965855740505,0.7695262483994878,0.05376344086021505,0,0.0,0,0.04950495049504951,0,0.2328461729006688,1,0.2,0,0.24290220820189273,0,0,1,0.3097014925373134,0.2132998745294855,,,
25974,Franco Costanzo,Deportivo Alavés,1,2005,2005,low,0.0,0.16559965855740505,0.6786171574903969,0.05376344086021505,0,0.0,0,0.04950495049504951,0,0.2561307901907357,0,0.2,0,0.24290220820189273,0,0,1,0.3097014925373134,0.2132998745294855,,,
25430,Felipe Melo de Carvalho,Racing Santander,1,2006,2006,low,0.0,0.16559965855740505,0.7695262483994878,0.05376344086021505,0,0.0,0,0.04950495049504951,0,0.2561307901907357,0,0.2,0,0.22082018927444794,1,0,1,0.3097014925373134,0.2132998745294855,,,
25858,Ricardo Sanzol Goñi,Osasuna,1,2004,2004,low,0.0,0.16559965855740505,0.7695262483994878,0.05376344086021505,0,0.0,0,0.04950495049504951,0,0.2328461729006688,1,0.2,0,0.24290220820189273,0,0,1,0.3097014925373134,0.2132998745294855,,,
25881,Juan Antonio Rodríguez Villamuela,RC Deportivo La Coruña,1,2008,2008,low,0.0,0.16559965855740505,0.7695262483994878,0.04887585532746823,1,0.0,0,0.04950495049504951,0,0.2561307901907357,0,0.2,0,0.24290220820189273,0,0,1,0.3097014925373134,0.2132998745294855,,,
25912,Ricardo López Felipe,Osasuna,1,2010,2010,low,0.0,0.16559965855740505,0.7695262483994878,0.05376344086021505,0,0.0,0,0.04950495049504951,0,0.2561307901907357,0,0.2,0,0.22082018927444794,1,0,1,0.3097014925373134,0.2132998745294855,,,
6311,Lovre Kalinić,Croatia,1,2018,2018,low,0.0,0.16559965855740505,0.7695262483994878,0.05376344086021505,0,0.0,1,0.04950495049504951,0,0.2561307901907357,0,0.2,0,0.24290220820189273,0,0,1,0.3097014925373134,0.2132998745294855,,,
5714,Mohammed Khalil Al Owais,Saudi Arabia,1,2022,2022,low,0.0,0.16559965855740505,0.7695262483994878,0.05376344086021505,0,0.0,0,0.04950495049504951,0,0.2561307901907357,0,0.18181818181818182,1,0.24290220820189273,0,0,1,0.3097014925373134,0.2132998745294855,,,
5653,Mouez Hassen,OGC Nice,1,2015,2015,low,0.0,0.16559965855740505,0.6786171574903969,0.05376344086021505,0,0.0,0,0.04950495049504951,0,0.2561307901907357,0,0.2,0,0.24290220820189273,0,0,1,0.3097014925373134,0.2132998745294855,,,
23198,Michael Zetterer,Werder Bremen,1,2023,2023,low,0.0,0.16559965855740505,0.7695262483994878,0.05376344086021505,0,0.0,0,0.04950495049504951,0,0.2561307901907357,0,0.2,0,0.22082018927444794,1,0,1,0.3097014925373134,0.2132998745294855,,,
5528,Pedro David Gallese Quiróz,Peru,1,2024,2024,low,0.0,0.16559965855740505,0.6786171574903969,0.05376344086021505,0,0.0,0,0.04950495049504951,0,0.2561307901907357,0,0.2,0,0.24290220820189273,0,0,1,0.3097014925373134,0.2132998745294855,,,
5498,Hannes Þór Halldórsson,Iceland,1,2018,2018,low,1.0,0.25650874946649593,0.6786171574903969,0.05376344086021505,0,0.0,0,0.04950495049504951,0,0.3237552638097597,1,0.2,0,0.24290220820189273,0,0,1,0.3097014925373134,0.30420896543857645,1.0,0.0,0.0
24888,Adam Federici,AFC Bournemouth,1,2015,2015,low,0.0,0.16559965855740505,0.7695262483994878,0.05376344086021505,0,0.0,0,0.04950495049504951,0,0.2561307901907357,0,0.2,0,0.22082018927444794,1,0,1,0.3097014925373134,0.2132998745294855,,,
5648,Farouk Ben Mustapha,Tunisia,1,2018,2018,low,0.0,0.16559965855740505,0.7695262483994878,0.05376344086021505,0,0.0,0,0.04950495049504951,0,0.2328461729006688,1,0.2,0,0.24290220820189273,0,0,1,0.3097014925373134,0.2132998745294855,,,
22243,Heorhii Bushchan,Ukraine,1,2020,2020,low,1.0,0.25650874946649593,0.6786171574903969,0.05376344086021505,0,0.0,0,0.04950495049504951,0,0.2561307901907357,0,0.2,0,0.31172928018353885,1,0,1,0.3097014925373134,0.30420896543857645,0.0,1.0,0.0
22379,Angus Gunn,Scotland,1,2024,2024,low,0.0,0.16559965855740505,0.7695262483994878,0.05376344086021505,0,0.0,0,0.04950495049504951,0,0.2328461729006688,1,0.2,0,0.24290220820189273,0,0,1,0.3097014925373134,0.2132998745294855,,,
22130,Mauro Daniel Goicoechea Furia,Toulouse,1,2015,2015,low,1.0,0.25650874946649593,0.6786171574903969,0.05376344086021505,0,0.0,0,0.04950495049504951,0,0.3237552638097597,1,0.2,0,0.24290220820189273,0,0,1,0.3097014925373134,0.30420896543857645,1.0,0.0,0.0
23815,Casto Espinosa Barriga,Real Betis,1,2011,2011,low,0.0,0.16559965855740505,0.7695262483994878,0.05376344086021505,0,0.0,0,0.04950495049504951,0,0.2328461729006688,1,0.2,0,0.24290220820189273,0,0,1,0.3097014925373134,0.2132998745294855,,,
23499,Jaroslav Drobný,Hamburger SV,1,2015,2015,low,1.0,0.25650874946649593,0.6786171574903969,0.05376344086021505,0,0.0,0,0.04950495049504951,0,0.3237552638097597,1,0.2,0,0.24290220820189273,0,0,1,0.3097014925373134,0.30420896543857645,1.0,0.0,0.0
3980,Johny Placide,Stade de Reims,1,2015,2015,low,0.0,0.16559965855740505,0.6786171574903969,0.05376344086021505,0,0.0,0,0.04950495049504951,0,0.2561307901907357,0,0.2,0,0.24290220820189273,0,0,1,0.3097014925373134,0.2132998745294855,,,
30357,Uğurcan Çakır,Turkey,1,2020,2020,low,0.0,0.16559965855740505,0.6786171574903969,0.05376344086021505,0,0.0,0,0.04950495049504951,0,0.2561307901907357,0,0.2,0,0.24290220820189273,0,0,1,0.3097014925373134,0.2132998745294855,,,
29198,Jeremías Ledesma,Cádiz,1,2020,2020,low,0.0,0.16559965855740505,0.7695262483994878,0.05376344086021505,0,0.0,0,0.04950495049504951,0,0.2328461729006688,1,0.2,0,0.24290220820189273,0,0,1,0.3097014925373134,0.2132998745294855,,,
4053,Ben Foster,West Bromwich Albion,1,2015,2015,low,0.0,0.16559965855740505,0.7695262483994878,0.05376344086021505,0,0.0,0,0.04950495049504951,0,0.2561307901907357,0,0.2,0,0.22082018927444794,1,0,1,0.3097014925373134,0.2132998745294855,,,
27240,Jesús Fernández Collado,Levante UD,1,2014,2014,low,0.0,0.16559965855740505,0.6786171574903969,0.05376344086021505,0,0.0,0,0.04950495049504951,0,0.2561307901907357,0,0.2,0,0.24290220820189273,0,0,1,0.3097014925373134,0.2132998745294855,,,
27517,Jaime Jiménez Merlo,Eibar,1,2014,2014,low,0.0,0.16559965855740505,0.7695262483994878,0.05376344086021505,0,0.0,0,0.045004500450045004,1,0.2561307901907357,0,0.2,0,0.24290220820189273,0,0,1,0.3097014925373134,0.2132998745294855,,,
26438,David Cobeño Iglesias,Almería,1,2007,2007,low,0.0,0.16559965855740505,0.7695262483994878,0.05376344086021505,0,0.0,0,0.045004500450045004,1,0.2561307901907357,0,0.2,0,0.24290220820189273,0,0,1,0.3097014925373134,0.2132998745294855,,,
26786,Mario Fernández Cuesta,Racing Santander,1,2011,2011,low,0.0,0.16559965855740505,0.7695262483994878,0.05376344086021505,0,0.0,0,0.04950495049504951,0,0.2561307901907357,0,0.2,0,0.22082018927444794,1,0,1,0.3097014925373134,0.2132998745294855,,,
27111,António Alberto Bastos Pimparel,Sevilla,1,2015,2015,low,0.0,0.16559965855740505,0.7695262483994878,0.05376344086021505,0,0.0,0,0.04950495049504951,0,0.2561307901907357,0,0.2,0,0.22082018927444794,1,0,1,0.3097014925373134,0.2132998745294855,,,
26452,Pedro Gonzalez Contreras Cano,Real Betis,1,2006,2006,low,0.0,0.16559965855740505,0.7695262483994878,0.04887585532746823,1,0.0,0,0.04950495049504951,0,0.2561307901907357,0,0.2,0,0.24290220820189273,0,0,1,0.3097014925373134,0.2132998745294855,,,
26460,Francesc Arnau,Málaga,1,2005,2005,low,0.0,0.16559965855740505,0.7695262483994878,0.04887585532746823,1,0.0,0,0.04950495049504951,0,0.2561307901907357,0,0.2,0,0.24290220820189273,0,0,1,0.3097014925373134,0.2132998745294855,,,
37274,Bart Verbruggen,Netherlands,1,2024,2024,low,0.0,0.16559965855740505,0.7695262483994878,0.05376344086021505,0,0.0,0,0.04950495049504951,0,0.2328461729006688,1,0.2,0,0.24290220820189273,0,0,1,0.3097014925373134,0.2132998745294855,,,
36949,Julio José González Vela-Alvizu,Mexico,1,2024,2024,low,0.0,0.16559965855740505,0.7695262483994878,0.05376344086021505,0,0.0,0,0.04950495049504951,0,0.2328461729006688,1,0.2,0,0.24290220820189273,0,0,1,0.3097014925373134,0.2132998745294855,,,
32185,Alejandro Remiro Gargallo,Real Sociedad,1,2019,2019,low,0.0,0.16559965855740505,0.7695262483994878,0.05376344086021505,0,0.0,0,0.04950495049504951,0,0.2561307901907357,0,0.2,0,0.22082018927444794,1,0,1,0.3097014925373134,0.2132998745294855,,,
34315,Simone Colombi,Carpi,1,2015,2015,low,0.0,0.16559965855740505,0.7695262483994878,0.05376344086021505,0,0.0,0,0.04950495049504951,0,0.2328461729006688,1,0.2,0,0.24290220820189273,0,0,1,0.3097014925373134,0.2132998745294855,,,
31904,Giedrius Arlauskis,Espanyol,1,2015,2015,low,0.0,0.16559965855740505,0.7695262483994878,0.05376344086021505,0,0.0,0,0.04950495049504951,0,0.2328461729006688,1,0.2,0,0.24290220820189273,0,0,1,0.3097014925373134,0.2132998745294855,,,
5227,Alireza Safar Beiranvand,Iran,1,2018,2018,low,1.0,0.25650874946649593,0.6786171574903969,0.05376344086021505,0,0.0,0,0.04950495049504951,0,0.2561307901907357,0,0.2,0,0.31172928018353885,1,0,1,0.3097014925373134,0.30420896543857645,0.0,1.0,0.0
30830,Luca Lezzerini,Fiorentina,1,2015,2015,low,0.0,0.16559965855740505,0.7695262483994878,0.05376344086021505,0,0.0,0,0.045004500450045004,1,0.2561307901907357,0,0.2,0,0.24290220820189273,0,0,1,0.3097014925373134,0.2132998745294855,,,
31437,Andreas Hirzel,Hamburger SV,1,2015,2015,low,0.0,0.16559965855740505,0.7695262483994878,0.05376344086021505,0,0.0,0,0.04950495049504951,0,0.2328461729006688,1,0.2,0,0.24290220820189273,0,0,1,0.3097014925373134,0.2132998745294855,,,
4547,Ludovic Butelle,Angers,1,2015,2015,low,0.0,0.16559965855740505,0.7695262483994878,0.05376344086021505,0,0.0,0,0.04950495049504951,0,0.2328461729006688,1,0.2,0,0.24290220820189273,0,0,1,0.3097014925373134,0.2132998745294855,,,
4600,Diego Orlando Benaglio,Wolfsburg,1,2015,2015,low,0.0,0.16559965855740505,0.7695262483994878,0.05376344086021505,0,0.0,0,0.04950495049504951,0,0.2328461729006688,1,0.2,0,0.24290220820189273,0,0,1,0.3097014925373134,0.2132998745294855,,,
28357,Thomas Vincensini,Bastia,1,2015,2015,low,0.0,0.16559965855740505,0.7695262483994878,0.05376344086021505,0,0.0,0,0.04950495049504951,0,0.2561307901907357,0,0.2,0,0.22082018927444794,1,0,1,0.3097014925373134,0.2132998745294855,,,
28040,Jindřich Staněk,Czech Republic,1,2024,2024,low,0.0,0.16559965855740505,0.7695262483994878,0.05376344086021505,0,0.0,0,0.045004500450045004,1,0.2561307901907357,0,0.2,0,0.24290220820189273,0,0,1,0.3097014925373134,0.2132998745294855,,,
38616,Sepp Maier,Germany,1,1974,1974,low,0.0,0.16559965855740505,0.7695262483994878,0.05376344086021505,0,0.0,0,0.04950495049504951,0,0.2561307901907357,0,0.18181818181818182,1,0.24290220820189273,0,0,1,0.3097014925373134,0.2132998745294855,,,
37641,Seung-Gyu Kim,South Korea,1,2022,2022,low,0.0,0.16559965855740505,0.7695262483994878,0.05376344086021505,0,0.0,0,0.04950495049504951,0,0.2561307901907357,0,0.2,0,0.22082018927444794,1,0,1,0.3097014925373134,0.2132998745294855,,,
38312,Eugenio Lamanna,Genoa,1,2015,2015,low,0.0,0.16559965855740505,0.7695262483994878,0.05376344086021505,0,0.0,0,0.04950495049504951,0,0.2328461729006688,1,0.2,0,0.24290220820189273,0,0,1,0.3097014925373134,0.2132998745294855,,,
37522,Hernán Ismael Galíndez,Ecuador,1,2022,2022,low,0.0,0.16559965855740505,0.7695262483994878,0.05376344086021505,0,0.0,0,0.04950495049504951,0,0.2561307901907357,0,0.2,0,0.22082018927444794,1,0,1,0.3097014925373134,0.2132998745294855,,,
3619,Alex McCarthy,Crystal Palace,1,2015,2015,low,0.0,0.16559965855740505,0.7695262483994878,0.05376344086021505,0,0.0,0,0.04950495049504951,0,0.2561307901907357,0,0.2,0,0.22082018927444794,1,0,1,0.3097014925373134,0.2132998745294855,,,
40322,Mark Schwarzer,Middlesbrough,1,2003,2003,low,0.0,0.16559965855740505,0.7695262483994878,0.05376344086021505,0,0.0,0,0.04950495049504951,0,0.2561307901907357,0,0.2,0,0.22082018927444794,1,0,1,0.3097014925373134,0.2132998745294855,,,
40332,Alberto Pelagotti,Empoli,1,2015,2015,low,0.0,0.16559965855740505,0.7695262483994878,0.05376344086021505,0,0.0,0,0.04950495049504951,0,0.2561307901907357,0,0.2,0,0.22082018927444794,1,0,1,0.3097014925373134,0.2132998745294855,,,
3487,Julián Speroni,Crystal Palace,1,2015,2015,low,0.0,0.16559965855740505,0.7695262483994878,0.04887585532746823,1,0.0,0,0.04950495049504951,0,0.2561307901907357,0,0.2,0,0.24290220820189273,0,0,1,0.3097014925373134,0.2132998745294855,,,
40280,Richard Wright,Everton,1,2003,2003,low,0.0,0.16559965855740505,0.7695262483994878,0.05376344086021505,0,0.0,0,0.04950495049504951,0,0.2328461729006688,1,0.2,0,0.24290220820189273,0,0,1,0.3097014925373134,0.2132998745294855,,,
39825,Stefano Tacconi,Juventus,1,1988,1988,low,0.0,0.16559965855740505,0.7695262483994878,0.05376344086021505,0,0.0,0,0.04950495049504951,0,0.2561307901907357,0,0.2,0,0.22082018927444794,1,0,1,0.3097014925373134,0.2132998745294855,,,
40132,Paul Robinson,Leeds United,1,2003,2003,low,0.0,0.16559965855740505,0.7695262483994878,0.05376344086021505,0,0.0,1,0.04950495049504951,0,0.2561307901907357,0,0.2,0,0.24290220820189273,0,0,1,0.3097014925373134,0.2132998745294855,,,
40236,Ian Walker,Leicester City,1,2003,2003,low,0.0,0.16559965855740505,0.7695262483994878,0.05376344086021505,0,0.0,0,0.04950495049504951,0,0.2328461729006688,1,0.2,0,0.24290220820189273,0,0,1,0.3097014925373134,0.2132998745294855,,,
38403,Shaka Hislop,Portsmouth,1,2003,2003,low,0.0,0.16559965855740505,0.7695262483994878,0.05376344086021505,0,0.0,0,0.04950495049504951,0,0.2561307901907357,0,0.2,0,0.22082018927444794,1,0,1,0.3097014925373134,0.2132998745294855,,,
3649,Karl Darlow,Newcastle United,1,2015,2015,low,1.0,0.25650874946649593,0.6786171574903969,0.05376344086021505,0,0.0,0,0.04950495049504951,0,0.2561307901907357,0,0.2,0,0.31172928018353885,1,0,1,0.3097014925373134,0.30420896543857645,0.0,1.0,0.0
41185,Jakob Haugaard,Stoke City,1,2015,2015,low,0.0,0.16559965855740505,0.7695262483994878,0.05376344086021505,0,0.0,0,0.04950495049504951,0,0.2561307901907357,0,0.2,0,0.22082018927444794,1,0,1,0.3097014925373134,0.2132998745294855,,,
41385,Ali Nadhoim Ahamada,Toulouse,1,2015,2015,low,1.0,0.25650874946649593,0.6786171574903969,0.05376344086021505,0,0.0,0,0.04950495049504951,0,0.3237552638097597,1,0.2,0,0.24290220820189273,0,0,1,0.3097014925373134,0.30420896543857645,1.0,0.0,0.0
48502,Mory Diaw,Clermont Foot,1,2022,2022,low,0.0,0.16559965855740505,0.7695262483994878,0.05376344086021505,0,0.0,0,0.04950495049504951,0,0.2561307901907357,0,0.2,0,0.22082018927444794,1,0,1,0.3097014925373134,0.2132998745294855,,,
42428,Jonathan Ligali,Montpellier,1,2015,2015,low,0.0,0.16559965855740505,0.7695262483994878,0.05376344086021505,0,0.0,0,0.04950495049504951,0,0.2328461729006688,1,0.2,0,0.24290220820189273,0,0,1,0.3097014925373134,0.2132998745294855,,,
68757,Richard Ofori Antwi,Ghana,1,2023,2023,low,0.0,0.16559965855740505,0.7695262483994878,0.05376344086021505,0,0.0,0,0.04950495049504951,0,0.2561307901907357,0,0.2,0,0.22082018927444794,1,0,1,0.3097014925373134,0.2132998745294855,,,
97291,Patrick Gilmar Sequeira Mejías,Costa Rica,1,2024,2024,low,0.0,0.16559965855740505,0.7695262483994878,0.05376344086021505,0,0.0,0,0.045004500450045004,1,0.2561307901907357,0,0.2,0,0.24290220820189273,0,0,1,0.3097014925373134,0.2132998745294855,,,
